Rank,Event,Time_ns
0,preprocess,372134
1,preprocess,370027
2,preprocess,365800
3,preprocess,565722
4,preprocess,559578
5,preprocess,359420
6,preprocess,560771
7,preprocess,554222
8,alltoall-1,177636148
9,alltoall-1,89453166
10,tdma_many,13949
11,alltoall-1,83997794
12,tdma_many,9751
13,alltoall-1,113473642
14,tdma_many,9420
15,alltoall-1,20035456
16,tdma_many,14500
17,alltoall-1,301938
18,alltoall-1,76150714
19,tdma_many,9565
20,alltoall-1,171380759
21,tdma_many,10310
22,tdma_many,11009
23,tdma_many,13475
24,alltoall-2,62877
25,alltoall-2,56465
26,alltoall-2,26492
27,alltoall-2,70139
28,alltoall-2,66259
29,alltoall-2,66141
30,alltoall-2,66121
31,alltoall-2,66482
32,solve,110256
33,solve,144161
34,solve,163439
35,solve,153820
36,solve,178502
37,solve,193856
38,solve,188747
39,solve,194787
